[
    {
        "id": "1",
        "code": "AF",
        "title": "Afghanistan"
    },
    {
        "id": "2",
        "code": "AL",
        "title": "Albania"
    },
    {
        "id": "3",
        "code": "DZ",
        "title": "Algeria"
    },
    {
        "id": "4",
        "code": "AS",
        "title": "American Samoa"
    },
    {
        "id": "5",
        "code": "AD",
        "title": "Andorra"
    },
    {
        "id": "6",
        "code": "AO",
        "title": "Angola"
    },
    {
        "id": "7",
        "code": "AI",
        "title": "Anguilla"
    },
    {
        "id": "8",
        "code": "AQ",
        "title": "Antarctica"
    },
    {
        "id": "9",
        "code": "AG",
        "title": "Antigua And Barbuda"
    },
    {
        "id": "10",
        "code": "AR",
        "title": "Argentina"
    },
    {
        "id": "11",
        "code": "AM",
        "title": "Armenia"
    },
    {
        "id": "12",
        "code": "AW",
        "title": "Aruba"
    },
    {
        "id": "13",
        "code": "AU",
        "title": "Australia"
    },
    {
        "id": "14",
        "code": "AT",
        "title": "Austria"
    },
    {
        "id": "15",
        "code": "AZ",
        "title": "Azerbaijan"
    },
    {
        "id": "16",
        "code": "BS",
        "title": "Bahamas The"
    },
    {
        "id": "17",
        "code": "BH",
        "title": "Bahrain"
    },
    {
        "id": "18",
        "code": "BD",
        "title": "Bangladesh"
    },
    {
        "id": "19",
        "code": "BB",
        "title": "Barbados"
    },
    {
        "id": "20",
        "code": "BY",
        "title": "Belarus"
    },
    {
        "id": "21",
        "code": "BE",
        "title": "Belgium"
    },
    {
        "id": "22",
        "code": "BZ",
        "title": "Belize"
    },
    {
        "id": "23",
        "code": "BJ",
        "title": "Benin"
    },
    {
        "id": "24",
        "code": "BM",
        "title": "Bermuda"
    },
    {
        "id": "25",
        "code": "BT",
        "title": "Bhutan"
    },
    {
        "id": "26",
        "code": "BO",
        "title": "Bolivia"
    },
    {
        "id": "27",
        "code": "BA",
        "title": "Bosnia and Herzegovina"
    },
    {
        "id": "28",
        "code": "BW",
        "title": "Botswana"
    },
    {
        "id": "29",
        "code": "BV",
        "title": "Bouvet Island"
    },
    {
        "id": "30",
        "code": "BR",
        "title": "Brazil"
    },
    {
        "id": "31",
        "code": "IO",
        "title": "British Indian Ocean Territory"
    },
    {
        "id": "32",
        "code": "BN",
        "title": "Brunei"
    },
    {
        "id": "33",
        "code": "BG",
        "title": "Bulgaria"
    },
    {
        "id": "34",
        "code": "BF",
        "title": "Burkina Faso"
    },
    {
        "id": "35",
        "code": "BI",
        "title": "Burundi"
    },
    {
        "id": "36",
        "code": "KH",
        "title": "Cambodia"
    },
    {
        "id": "37",
        "code": "CM",
        "title": "Cameroon"
    },
    {
        "id": "38",
        "code": "CA",
        "title": "Canada"
    },
    {
        "id": "39",
        "code": "CV",
        "title": "Cape Verde"
    },
    {
        "id": "40",
        "code": "KY",
        "title": "Cayman Islands"
    },
    {
        "id": "41",
        "code": "CF",
        "title": "Central African Republic"
    },
    {
        "id": "42",
        "code": "TD",
        "title": "Chad"
    },
    {
        "id": "43",
        "code": "CL",
        "title": "Chile"
    },
    {
        "id": "44",
        "code": "CN",
        "title": "China"
    },
    {
        "id": "45",
        "code": "CX",
        "title": "Christmas Island"
    },
    {
        "id": "46",
        "code": "CC",
        "title": "Cocos (Keeling) Islands"
    },
    {
        "id": "47",
        "code": "CO",
        "title": "Colombia"
    },
    {
        "id": "48",
        "code": "KM",
        "title": "Comoros"
    },
    {
        "id": "49",
        "code": "CG",
        "title": "Republic Of The Congo"
    },
    {
        "id": "50",
        "code": "CD",
        "title": "Democratic Republic Of The Congo"
    },
    {
        "id": "51",
        "code": "CK",
        "title": "Cook Islands"
    },
    {
        "id": "52",
        "code": "CR",
        "title": "Costa Rica"
    },
    {
        "id": "53",
        "code": "CI",
        "title": "Cote D'Ivoire (Ivory Coast)"
    },
    {
        "id": "54",
        "code": "HR",
        "title": "Croatia (Hrvatska)"
    },
    {
        "id": "55",
        "code": "CU",
        "title": "Cuba"
    },
    {
        "id": "56",
        "code": "CY",
        "title": "Cyprus"
    },
    {
        "id": "57",
        "code": "CZ",
        "title": "Czech Republic"
    },
    {
        "id": "58",
        "code": "DK",
        "title": "Denmark"
    },
    {
        "id": "59",
        "code": "DJ",
        "title": "Djibouti"
    },
    {
        "id": "60",
        "code": "DM",
        "title": "Dominica"
    },
    {
        "id": "61",
        "code": "DO",
        "title": "Dominican Republic"
    },
    {
        "id": "62",
        "code": "TP",
        "title": "East Timor"
    },
    {
        "id": "63",
        "code": "EC",
        "title": "Ecuador"
    },
    {
        "id": "64",
        "code": "EG",
        "title": "Egypt"
    },
    {
        "id": "65",
        "code": "SV",
        "title": "El Salvador"
    },
    {
        "id": "66",
        "code": "GQ",
        "title": "Equatorial Guinea"
    },
    {
        "id": "67",
        "code": "ER",
        "title": "Eritrea"
    },
    {
        "id": "68",
        "code": "EE",
        "title": "Estonia"
    },
    {
        "id": "69",
        "code": "ET",
        "title": "Ethiopia"
    },
    {
        "id": "70",
        "code": "XA",
        "title": "External Territories of Australia"
    },
    {
        "id": "71",
        "code": "FK",
        "title": "Falkland Islands"
    },
    {
        "id": "72",
        "code": "FO",
        "title": "Faroe Islands"
    },
    {
        "id": "73",
        "code": "FJ",
        "title": "Fiji Islands"
    },
    {
        "id": "74",
        "code": "FI",
        "title": "Finland"
    },
    {
        "id": "75",
        "code": "FR",
        "title": "France"
    },
    {
        "id": "76",
        "code": "GF",
        "title": "French Guiana"
    },
    {
        "id": "77",
        "code": "PF",
        "title": "French Polynesia"
    },
    {
        "id": "78",
        "code": "TF",
        "title": "French Southern Territories"
    },
    {
        "id": "79",
        "code": "GA",
        "title": "Gabon"
    },
    {
        "id": "80",
        "code": "GM",
        "title": "Gambia The"
    },
    {
        "id": "81",
        "code": "GE",
        "title": "Georgia"
    },
    {
        "id": "82",
        "code": "DE",
        "title": "Germany"
    },
    {
        "id": "83",
        "code": "GH",
        "title": "Ghana"
    },
    {
        "id": "84",
        "code": "GI",
        "title": "Gibraltar"
    },
    {
        "id": "85",
        "code": "GR",
        "title": "Greece"
    },
    {
        "id": "86",
        "code": "GL",
        "title": "Greenland"
    },
    {
        "id": "87",
        "code": "GD",
        "title": "Grenada"
    },
    {
        "id": "88",
        "code": "GP",
        "title": "Guadeloupe"
    },
    {
        "id": "89",
        "code": "GU",
        "title": "Guam"
    },
    {
        "id": "90",
        "code": "GT",
        "title": "Guatemala"
    },
    {
        "id": "91",
        "code": "XU",
        "title": "Guernsey and Alderney"
    },
    {
        "id": "92",
        "code": "GN",
        "title": "Guinea"
    },
    {
        "id": "93",
        "code": "GW",
        "title": "Guinea-Bissau"
    },
    {
        "id": "94",
        "code": "GY",
        "title": "Guyana"
    },
    {
        "id": "95",
        "code": "HT",
        "title": "Haiti"
    },
    {
        "id": "96",
        "code": "HM",
        "title": "Heard and McDonald Islands"
    },
    {
        "id": "97",
        "code": "HN",
        "title": "Honduras"
    },
    {
        "id": "98",
        "code": "HK",
        "title": "Hong Kong S.A.R."
    },
    {
        "id": "99",
        "code": "HU",
        "title": "Hungary"
    },
    {
        "id": "100",
        "code": "IS",
        "title": "Iceland"
    },
    {
        "id": "101",
        "code": "IN",
        "title": "India"
    },
    {
        "id": "102",
        "code": "ID",
        "title": "Indonesia"
    },
    {
        "id": "103",
        "code": "IR",
        "title": "Iran"
    },
    {
        "id": "104",
        "code": "IQ",
        "title": "Iraq"
    },
    {
        "id": "105",
        "code": "IE",
        "title": "Ireland"
    },
    {
        "id": "106",
        "code": "IL",
        "title": "Israel"
    },
    {
        "id": "107",
        "code": "IT",
        "title": "Italy"
    },
    {
        "id": "108",
        "code": "JM",
        "title": "Jamaica"
    },
    {
        "id": "109",
        "code": "JP",
        "title": "Japan"
    },
    {
        "id": "110",
        "code": "XJ",
        "title": "Jersey"
    },
    {
        "id": "111",
        "code": "JO",
        "title": "Jordan"
    },
    {
        "id": "112",
        "code": "KZ",
        "title": "Kazakhstan"
    },
    {
        "id": "113",
        "code": "KE",
        "title": "Kenya"
    },
    {
        "id": "114",
        "code": "KI",
        "title": "Kiribati"
    },
    {
        "id": "115",
        "code": "KP",
        "title": "Korea North"
    },
    {
        "id": "116",
        "code": "KR",
        "title": "Korea South"
    },
    {
        "id": "117",
        "code": "KW",
        "title": "Kuwait"
    },
    {
        "id": "118",
        "code": "KG",
        "title": "Kyrgyzstan"
    },
    {
        "id": "119",
        "code": "LA",
        "title": "Laos"
    },
    {
        "id": "120",
        "code": "LV",
        "title": "Latvia"
    },
    {
        "id": "121",
        "code": "LB",
        "title": "Lebanon"
    },
    {
        "id": "122",
        "code": "LS",
        "title": "Lesotho"
    },
    {
        "id": "123",
        "code": "LR",
        "title": "Liberia"
    },
    {
        "id": "124",
        "code": "LY",
        "title": "Libya"
    },
    {
        "id": "125",
        "code": "LI",
        "title": "Liechtenstein"
    },
    {
        "id": "126",
        "code": "LT",
        "title": "Lithuania"
    },
    {
        "id": "127",
        "code": "LU",
        "title": "Luxembourg"
    },
    {
        "id": "128",
        "code": "MO",
        "title": "Macau S.A.R."
    },
    {
        "id": "129",
        "code": "MK",
        "title": "Macedonia"
    },
    {
        "id": "130",
        "code": "MG",
        "title": "Madagascar"
    },
    {
        "id": "131",
        "code": "MW",
        "title": "Malawi"
    },
    {
        "id": "132",
        "code": "MY",
        "title": "Malaysia"
    },
    {
        "id": "133",
        "code": "MV",
        "title": "Maldives"
    },
    {
        "id": "134",
        "code": "ML",
        "title": "Mali"
    },
    {
        "id": "135",
        "code": "MT",
        "title": "Malta"
    },
    {
        "id": "136",
        "code": "XM",
        "title": "Man (Isle of)"
    },
    {
        "id": "137",
        "code": "MH",
        "title": "Marshall Islands"
    },
    {
        "id": "138",
        "code": "MQ",
        "title": "Martinique"
    },
    {
        "id": "139",
        "code": "MR",
        "title": "Mauritania"
    },
    {
        "id": "140",
        "code": "MU",
        "title": "Mauritius"
    },
    {
        "id": "141",
        "code": "YT",
        "title": "Mayotte"
    },
    {
        "id": "142",
        "code": "MX",
        "title": "Mexico"
    },
    {
        "id": "143",
        "code": "FM",
        "title": "Micronesia"
    },
    {
        "id": "144",
        "code": "MD",
        "title": "Moldova"
    },
    {
        "id": "145",
        "code": "MC",
        "title": "Monaco"
    },
    {
        "id": "146",
        "code": "MN",
        "title": "Mongolia"
    },
    {
        "id": "147",
        "code": "MS",
        "title": "Montserrat"
    },
    {
        "id": "148",
        "code": "MA",
        "title": "Morocco"
    },
    {
        "id": "149",
        "code": "MZ",
        "title": "Mozambique"
    },
    {
        "id": "150",
        "code": "MM",
        "title": "Myanmar"
    },
    {
        "id": "151",
        "code": "NA",
        "title": "Namibia"
    },
    {
        "id": "152",
        "code": "NR",
        "title": "Nauru"
    },
    {
        "id": "153",
        "code": "NP",
        "title": "Nepal"
    },
    {
        "id": "154",
        "code": "AN",
        "title": "Netherlands Antilles"
    },
    {
        "id": "155",
        "code": "NL",
        "title": "Netherlands The"
    },
    {
        "id": "156",
        "code": "NC",
        "title": "New Caledonia"
    },
    {
        "id": "157",
        "code": "NZ",
        "title": "New Zealand"
    },
    {
        "id": "158",
        "code": "NI",
        "title": "Nicaragua"
    },
    {
        "id": "159",
        "code": "NE",
        "title": "Niger"
    },
    {
        "id": "160",
        "code": "NG",
        "title": "Nigeria"
    },
    {
        "id": "161",
        "code": "NU",
        "title": "Niue"
    },
    {
        "id": "162",
        "code": "NF",
        "title": "Norfolk Island"
    },
    {
        "id": "163",
        "code": "MP",
        "title": "Northern Mariana Islands"
    },
    {
        "id": "164",
        "code": "NO",
        "title": "Norway"
    },
    {
        "id": "165",
        "code": "OM",
        "title": "Oman"
    },
    {
        "id": "166",
        "code": "PK",
        "title": "Pakistan"
    },
    {
        "id": "167",
        "code": "PW",
        "title": "Palau"
    },
    {
        "id": "168",
        "code": "PS",
        "title": "Palestinian Territory Occupied"
    },
    {
        "id": "169",
        "code": "PA",
        "title": "Panama"
    },
    {
        "id": "170",
        "code": "PG",
        "title": "Papua new Guinea"
    },
    {
        "id": "171",
        "code": "PY",
        "title": "Paraguay"
    },
    {
        "id": "172",
        "code": "PE",
        "title": "Peru"
    },
    {
        "id": "173",
        "code": "PH",
        "title": "Philippines"
    },
    {
        "id": "174",
        "code": "PN",
        "title": "Pitcairn Island"
    },
    {
        "id": "175",
        "code": "PL",
        "title": "Poland"
    },
    {
        "id": "176",
        "code": "PT",
        "title": "Portugal"
    },
    {
        "id": "177",
        "code": "PR",
        "title": "Puerto Rico"
    },
    {
        "id": "178",
        "code": "QA",
        "title": "Qatar"
    },
    {
        "id": "179",
        "code": "RE",
        "title": "Reunion"
    },
    {
        "id": "180",
        "code": "RO",
        "title": "Romania"
    },
    {
        "id": "181",
        "code": "RU",
        "title": "Russia"
    },
    {
        "id": "182",
        "code": "RW",
        "title": "Rwanda"
    },
    {
        "id": "183",
        "code": "SH",
        "title": "Saint Helena"
    },
    {
        "id": "184",
        "code": "KN",
        "title": "Saint Kitts And Nevis"
    },
    {
        "id": "185",
        "code": "LC",
        "title": "Saint Lucia"
    },
    {
        "id": "186",
        "code": "PM",
        "title": "Saint Pierre and Miquelon"
    },
    {
        "id": "187",
        "code": "VC",
        "title": "Saint Vincent And The Grenadines"
    },
    {
        "id": "188",
        "code": "WS",
        "title": "Samoa"
    },
    {
        "id": "189",
        "code": "SM",
        "title": "San Marino"
    },
    {
        "id": "190",
        "code": "ST",
        "title": "Sao Tome and Principe"
    },
    {
        "id": "191",
        "code": "SA",
        "title": "Saudi Arabia"
    },
    {
        "id": "192",
        "code": "SN",
        "title": "Senegal"
    },
    {
        "id": "193",
        "code": "RS",
        "title": "Serbia"
    },
    {
        "id": "194",
        "code": "SC",
        "title": "Seychelles"
    },
    {
        "id": "195",
        "code": "SL",
        "title": "Sierra Leone"
    },
    {
        "id": "196",
        "code": "SG",
        "title": "Singapore"
    },
    {
        "id": "197",
        "code": "SK",
        "title": "Slovakia"
    },
    {
        "id": "198",
        "code": "SI",
        "title": "Slovenia"
    },
    {
        "id": "199",
        "code": "XG",
        "title": "Smaller Territories of the UK"
    },
    {
        "id": "200",
        "code": "SB",
        "title": "Solomon Islands"
    },
    {
        "id": "201",
        "code": "SO",
        "title": "Somalia"
    },
    {
        "id": "202",
        "code": "ZA",
        "title": "South Africa"
    },
    {
        "id": "203",
        "code": "GS",
        "title": "South Georgia"
    },
    {
        "id": "204",
        "code": "SS",
        "title": "South Sudan"
    },
    {
        "id": "205",
        "code": "ES",
        "title": "Spain"
    },
    {
        "id": "206",
        "code": "LK",
        "title": "Sri Lanka"
    },
    {
        "id": "207",
        "code": "SD",
        "title": "Sudan"
    },
    {
        "id": "208",
        "code": "SR",
        "title": "Surititle"
    },
    {
        "id": "209",
        "code": "SJ",
        "title": "Svalbard And Jan Mayen Islands"
    },
    {
        "id": "210",
        "code": "SZ",
        "title": "Swaziland"
    },
    {
        "id": "211",
        "code": "SE",
        "title": "Sweden"
    },
    {
        "id": "212",
        "code": "CH",
        "title": "Switzerland"
    },
    {
        "id": "213",
        "code": "SY",
        "title": "Syria"
    },
    {
        "id": "214",
        "code": "TW",
        "title": "Taiwan"
    },
    {
        "id": "215",
        "code": "TJ",
        "title": "Tajikistan"
    },
    {
        "id": "216",
        "code": "TZ",
        "title": "Tanzania"
    },
    {
        "id": "217",
        "code": "TH",
        "title": "Thailand"
    },
    {
        "id": "218",
        "code": "TG",
        "title": "Togo"
    },
    {
        "id": "219",
        "code": "TK",
        "title": "Tokelau"
    },
    {
        "id": "220",
        "code": "TO",
        "title": "Tonga"
    },
    {
        "id": "221",
        "code": "TT",
        "title": "Trinidad And Tobago"
    },
    {
        "id": "222",
        "code": "TN",
        "title": "Tunisia"
    },
    {
        "id": "223",
        "code": "TR",
        "title": "Türkiye"
    },
    {
        "id": "224",
        "code": "TM",
        "title": "Turkmenistan"
    },
    {
        "id": "225",
        "code": "TC",
        "title": "Turks And Caicos Islands"
    },
    {
        "id": "226",
        "code": "TV",
        "title": "Tuvalu"
    },
    {
        "id": "227",
        "code": "UG",
        "title": "Uganda"
    },
    {
        "id": "228",
        "code": "UA",
        "title": "Ukraine"
    },
    {
        "id": "229",
        "code": "AE",
        "title": "United Arab Emirates"
    },
    {
        "id": "230",
        "code": "GB",
        "title": "United Kingdom"
    },
    {
        "id": "231",
        "code": "US",
        "title": "United States"
    },
    {
        "id": "232",
        "code": "UM",
        "title": "United States Minor Outlying Islands"
    },
    {
        "id": "233",
        "code": "UY",
        "title": "Uruguay"
    },
    {
        "id": "234",
        "code": "UZ",
        "title": "Uzbekistan"
    },
    {
        "id": "235",
        "code": "VU",
        "title": "Vanuatu"
    },
    {
        "id": "236",
        "code": "VA",
        "title": "Vatican City State (Holy See)"
    },
    {
        "id": "237",
        "code": "VE",
        "title": "Venezuela"
    },
    {
        "id": "238",
        "code": "VN",
        "title": "Vietnam"
    },
    {
        "id": "239",
        "code": "VG",
        "title": "Virgin Islands (British)"
    },
    {
        "id": "240",
        "code": "VI",
        "title": "Virgin Islands (US)"
    },
    {
        "id": "241",
        "code": "WF",
        "title": "Wallis And Futuna Islands"
    },
    {
        "id": "242",
        "code": "EH",
        "title": "Western Sahara"
    },
    {
        "id": "243",
        "code": "YE",
        "title": "Yemen"
    },
    {
        "id": "244",
        "code": "YU",
        "title": "Yugoslavia"
    },
    {
        "id": "245",
        "code": "ZM",
        "title": "Zambia"
    },
    {
        "id": "246",
        "code": "ZW",
        "title": "Zimbabwe"
    }
]
